Publisher,Followings,Followers
_sepanta_,914,216
clonerrr,90,194
rezakamalifard,976,"1,831"
sepsadmedia,247,120
Mahdiheydarzad3,56,38
Mipoliteam,19,1
parhamda,136,105
RoboSlh,111,123
SajadMaghsoodi,262,291
dostketab73,"1,562","1,105"
ahamed36987705,275,397
1AmirAhadi,85,164
mownten,371,304
arshin1989,"1,149",616
MEHR24D,56,24
kam778,"2,354","1,217"
Alivrd2,57,9
leon_theP,32,64
PooriyaTembi,101,12
jalal_arabnejad,134,72
AhmadPo,579,615
FARZAM1758,697,566
getk2m,78,39
lili_johnson,98,94
Sniper_19790211,51,105
sanazhosseiny,"2,377","2,051"
TheLastHopeeeee,31,9
SonOfHitch,"11,049","12,100"
MohammadMsft,759,"1,431"
barmiz4,334,383
amin_javid,"1,101",51
iam_yasinoo,474,210
alimoghaddam93,202,94
AlTbsh,740,196
yamamot35513850,557,184
HadiNet0,920,938
Sn0wman77,303,117
DTanhaei,118,604
moslem_next,999,"1,169"
its_pink_death,35,235
FaFa_Nzi,728,659
mr_amini8,431,"1,220"
mashadirajab,588,38
Reza_a_m2,299,209
koroshekabir198,629,568
alipb,"1,862",744
mehrdadjabri,669,"1,212"
Saeed86660521,not_found,not_found
iranianteacher_,182,173
sae_tamar,"1,972",717
etblanche2,16,6
minabian,"2,600",833
mhmb71300438,462,550
mammadhp,558,359
majidV57,295,325
mhrezaa2c,584,"3,603"
mo_azhdari,200,96
mousa_mk,237,266
ali__0978,137,252
ahangarha,950,735
javadmacros,177,860
outlooknew2,934,225
sadeqshan,111,11
askariacc,651,350
Em4d_1R4N,508,153
_seyyid_,449,98
poiaan,470,813
Fryad69211695,"5,009","1,313"
saeedsm,565,320
mr_pouriya,"1,447","1,475"
MohsenRuning,326,428
_silverfoxy,836,615
MMzadegan,"1,001",475
haj_naghi,304,398
nassimabedi,44,66
tiizbor,not_found,not_found
justamirhosein,195,152
eshghbaz1,19,"1,436"
astaheri,"7,687","10,462"
pesareiran9,"2,449","1,475"
Vyngard,131,90
rouznevis,261,11
f_sadeghian_mm,254,91
MalkooomY,"1,239","4,243"
Javad02128853,"4,185","4,036"
makhloea,118,42
dr_moosavi,363,"21,828"
flowerorkyde,108,113
AliFarshadd,270,51
VahidPeivandi,489,314
Cybery_Attack,104,31
lachin,359,342
AmAlertam,120,65
amirkmzh,95,70
abztean,276,56
AliMalekli,"1,008",317
ArmanJtehrani,357,254
ProgrammerBotF,0,153
moh53n,92,219
MrAdib,94,127
masoudt10,996,421
Kamva_ir,183,"2,435"
PersianSherlock,916,"1,679"
myazdanj,"1,288","1,415"
AmirKhaleghi78,173,90
TheWishiii,775,501
TorabiAmin,442,142
alizadeh_erfan,71,18
Behzaddinipour,33,7
mahsamoradi20,193,142
OmidMohaddes,917,"3,958"
zendebadmokhalf,83,77
EbEbadollahi,127,118
bibidibabodib0,"1,168","1,404"
masoud_ss7,"1,480","1,021"
hosseinmba,"1,792",900
mohammadarjang,403,86
alimirzazadeh95,292,97
Mohammad_R__,414,268
alijabb40868285,32,4
irmobydick,47,26
zelkaa_com,19,377
alilahoot,574,650
Amiramdie,45,37
NasrinaRezaei,306,887
michaelisaround,647,397
DastarSiamak,170,9
saeedsouzangar,47,9
imenariaorg,124,15
Hossein_devnull,127,48
Amin_Hashempour,98,102
zahrasharea,320,474
farhadge,281,212
arashjfz,97,81
Majid69729356,873,779
sajjadyosefi,343,102
agharezzz,149,250
safshekan_,127,45
reza80010,163,82
Butthead80,37,2
dorestani,"1,609",952
atisa75,337,190
theahmadjafari,71,96
mehdibabaei92,391,"5,541"
